Temp(C),Portions
13.4,0
12.9,0
13,0
13.5,0
13.3,0
13.7,0
13.7,0
14.8,0
17.4,0
19.6,0
21.5,0
22.2,0
22.6,0
22.2,0
21.7,0
20.8,0
19.8,0
18.8,0
17.4,0
15.9,0
14.6,0
13.8,0
13.7,0
12.9,0
14,0
14.5,0
14.4,0
14.7,0
14.6,0
14.4,0
14,0
14.5,0
16.2,0
17.9,0
19.6,0
21.3,0
22.2,0
22.5,0
22.8,0
22.7,0
21.4,0
19.2,0
17,0
15.2,0
14.2,0
14.4,0
13.9,0
13.8,0
13.2,0
11.6,0
11.2,0
10.9,0
10.9,0
9.9,0
10,0
11.3,0
14.5,0
17.6,0
19.6,0
20.8,0
21.8,0
21.6,0
22,0
21.2,0
20.2,0
18.3,0
15.5,0
14.3,0
15,0
15.2,0
14.6,0
13.3,0
11.9,0
11,0
10.5,0
9.7,0
10.2,0
9.6,0
9.4,0
10.6,0
15.1,0
17.6,0
18.9,0
20.3,0
20.6,0
21.5,0
19.9,0
20.3,0
19.8,0
18.8,0
17.4,0
16.5,0
15.9,0
15,0
13.6,0
11.2,0
10.2,0
10.1,0
11.6,0
10.6,0
9.8,0
9.2,0
9,0
10.7,0
13.9,0
16.4,0
18.4,0
18.5,0
19.4,0
19.3,0
19.7,0
18.6,0
18.4,0
17.2,0
15.8,0
14.8,0
14.3,0
14.1,0
13.1,0
11.2,0
10.1,0
9.5,0
9.7,0
9.3,0
8.7,0
8.8,0
8.4,0
9.8,0
13.4,0
16.1,0
17.8,0
19.8,0
20.2,0
19.9,0
20.4,0
19.2,0
17.9,0
16.5,0
14.5,0
13.1,0
12.3,0
11.5,0
10.7,0
10.1,0
9.8,0
9.4,0
9.6,0
9.2,0
8.3,0
7.1,0
7,0
8.4,0
12.1,0
16.4,0
18.8,0
19.7,0
19.9,0
19.7,0
19.4,0
19.1,0
18.8,0
16.9,0
14.8,0
13,0
12.3,0
13,0
13.5,0
13.1,0
12.6,0
11.3,0
10.6,0
10.6,0
10.4,0
10.4,0
10,0
11.2,0
13.7,0
16.3,0
18.2,0
19.9,0
19.3,0
19,0
19.4,0
19.2,0
18.1,0
17.6,0
16.6,0
15.2,0
14.4,0
13.9,0
13.7,0
13.7,0
13.6,0
12.9,0
12.2,0
11.7,0
10.9,0
11.3,0
12,0
11.6,0
12.8,0
13.4,0
14.4,0
15.5,0
16.8,0
17.9,0
17,0
15.5,0
16.2,0
12.5,0
11.5,0
10.8,0
10.2,0
9.8,0
9.5,0
8.6,0
8.1,0
7.7,0
7.8,1.000729377
8.5,1.000729377
7.6,1.000729377
6.2,1.000729377
5.8,1.000729377
7.8,1.000729377
11.9,1.000729377
14.7,1.000729377
16.3,1.000729377
17.7,1.000729377
18.6,1.000729377
19.2,1.000729377
19.1,1.000729377
18.5,1.000729377
18.3,1.000729377
15.8,1.000729377
13,1.000729377
11,1.000729377
9.8,1.000729377
9.8,1.000729377
10.5,1.000729377
10.5,1.000729377
10.7,1.000729377
10.6,1.000729377
10.2,1.000729377
10.2,1.000729377
9.9,1.000729377
9.1,1.000729377
8.4,1.000729377
9.1,1.000729377
13.4,1.000729377
16.6,1.000729377
17.9,1.000729377
18.8,1.000729377
19.7,1.000729377
19.4,1.000729377
19.1,1.000729377
18.7,1.000729377
17.8,1.000729377
15.8,1.000729377
13.6,1.000729377
11.7,1.000729377
10.8,1.000729377
10.6,1.000729377
10.1,1.000729377
9.5,1.000729377
9.2,1.000729377
8.9,1.000729377
8.3,1.000729377
8,1.000729377
7.6,1.000729377
7.5,1.000729377
8.4,1.000729377
9.6,1.999002692
12.7,1.999002692
15.6,1.999002692
17.5,1.999002692
18.6,1.999002692
19.2,1.999002692
18.8,1.999002692
18.9,1.999002692
18.4,1.999002692
18.1,1.999002692
17.9,1.999002692
17.5,1.999002692
17.6,1.999002692
17.4,1.999002692
17.1,1.999002692
17.4,1.999002692
17.4,1.999002692
17.8,1.999002692
18,1.999002692
18,1.999002692
17.2,1.999002692
16.4,1.999002692
15.5,1.999002692
14.6,1.999002692
14.6,1.999002692
16.4,1.999002692
17.6,1.999002692
17.8,1.999002692
18.9,1.999002692
19.8,1.999002692
19.4,1.999002692
19.7,1.999002692
19.1,1.999002692
17.6,1.999002692
15.7,1.999002692
15.4,1.999002692
14.3,1.999002692
13.7,1.999002692
12.8,1.999002692
13.2,1.999002692
13.5,1.999002692
13.7,1.999002692
13.5,1.999002692
13.6,1.999002692
13.5,1.999002692
13.4,1.999002692
13,1.999002692
12.7,1.999002692
12.4,1.999002692
12.6,1.999002692
13.8,1.999002692
14.7,1.999002692
15.5,1.999002692
14.1,1.999002692
15.5,1.999002692
15,1.999002692
15,1.999002692
14.4,1.999002692
12.8,1.999002692
11.4,1.999002692
10.6,1.999002692
10.1,1.999002692
9.9,1.999002692
8.5,1.999002692
7.6,1.999002692
6.9,1.999002692
7.5,3.015012343
7.9,3.015012343
9,3.015012343
9.6,3.015012343
9.2,3.015012343
9.7,3.015012343
10,3.015012343
12.1,3.015012343
13.8,3.015012343
14.6,3.015012343
15.4,3.015012343
16,3.015012343
15.9,3.015012343
15.9,3.015012343
15.1,3.015012343
15.1,3.015012343
13.4,3.015012343
12.5,3.015012343
12,3.015012343
11.8,3.015012343
11.9,3.015012343
11.5,3.015012343
11,3.015012343
11.2,3.015012343
11.3,3.015012343
11.8,3.015012343
11.9,3.015012343
11.7,3.015012343
11.6,3.015012343
11.5,3.015012343
11.8,3.015012343
13.8,3.015012343
15.6,3.015012343
16.3,3.015012343
17.4,3.015012343
18.9,3.015012343
19.5,3.015012343
18.6,3.015012343
17.6,3.015012343
17.1,3.015012343
15.8,3.015012343
14.4,3.015012343
14,3.015012343
13.9,3.015012343
13.3,3.015012343
12.5,3.015012343
12.8,3.015012343
12.9,3.015012343
12.3,3.015012343
11.6,3.015012343
12.3,3.015012343
13.3,3.015012343
13.8,3.015012343
14.5,3.015012343
14.7,3.015012343
16.3,3.015012343
16.7,3.015012343
18,3.015012343
20.2,3.015012343
21.1,3.015012343
19.6,3.015012343
17.4,3.015012343
17,3.015012343
17.5,3.015012343
17.3,3.015012343
17.1,3.015012343
17.1,3.015012343
16.9,3.015012343
16.9,3.015012343
17.3,3.015012343
17.6,3.015012343
17.8,3.015012343
17.5,3.015012343
17.5,3.015012343
17.1,3.015012343
16.9,3.015012343
16.8,3.015012343
17,3.015012343
17.1,3.015012343
16.8,3.015012343
17.5,3.015012343
19,3.015012343
19.4,3.015012343
20.5,3.015012343
20.5,3.015012343
20.8,3.015012343
20.6,3.015012343
19.2,3.015012343
18.2,3.015012343
17,3.015012343
15.7,3.015012343
14.9,3.015012343
13.6,3.015012343
12.7,3.015012343
11.4,3.015012343
11.4,3.015012343
12.8,3.015012343
13.8,3.015012343
14.4,3.015012343
14.4,3.015012343
14.6,3.015012343
14.5,3.015012343
15.2,3.015012343
17.3,3.015012343
19,3.015012343
19.6,3.015012343
20.9,3.015012343
21.4,3.015012343
20.2,3.015012343
19.9,3.015012343
19.3,3.015012343
18.9,3.015012343
17.7,3.015012343
16.5,3.015012343
16.2,3.015012343
15.9,3.015012343
15.4,3.015012343
14.8,3.015012343
14.5,3.015012343
13.8,3.015012343
12.8,3.015012343
13,3.015012343
13.4,3.015012343
13.9,3.015012343
14.2,3.015012343
13.1,3.015012343
12.8,3.015012343
14.9,3.015012343
17.5,3.015012343
19.4,3.015012343
19.5,3.015012343
19.5,3.015012343
18.9,3.015012343
18,3.015012343
17.7,3.015012343
17,3.015012343
16.4,3.015012343
14.7,3.015012343
13.6,3.015012343
12.7,3.015012343
12,3.015012343
12.2,3.015012343
11.6,3.015012343
11,3.015012343
10.8,3.015012343
11.1,3.015012343
10.5,3.015012343
10.7,3.015012343
10.9,3.015012343
11.4,3.015012343
11.8,3.015012343
13.6,3.015012343
15.4,3.015012343
16.2,3.015012343
16.8,3.015012343
17.2,3.015012343
17.2,3.015012343
17.2,3.015012343
17,3.015012343
16.5,3.015012343
15.6,3.015012343
14.1,3.015012343
12.5,3.015012343
11.8,3.015012343
11.2,3.015012343
10.7,3.015012343
10.2,3.015012343
9.2,3.015012343
9.5,3.015012343
9.7,3.015012343
8.8,3.015012343
8,3.015012343
8.6,4.019083523
8.5,4.019083523
9.2,4.019083523
12.1,4.019083523
14.7,4.019083523
16.9,4.019083523
18.9,4.019083523
20.2,4.019083523
20,4.019083523
19.4,4.019083523
18.9,4.019083523
17.3,4.019083523
15.1,4.019083523
12.5,4.019083523
11,4.019083523
10.2,4.019083523
9.7,4.019083523
9.9,4.019083523
10,4.019083523
9.7,4.019083523
9.8,4.019083523
10.4,4.019083523
10.2,4.019083523
10.7,4.019083523
11,4.019083523
11.2,4.019083523
12,4.019083523
13.2,4.019083523
14.1,4.019083523
16.4,4.019083523
18.3,4.019083523
18.8,4.019083523
18.2,4.019083523
18.8,4.019083523
19,4.019083523
17.9,4.019083523
16.8,4.019083523
15,4.019083523
14.2,4.019083523
14.6,4.019083523
14.6,4.019083523
14.5,4.019083523
14.2,4.019083523
13.6,4.019083523
13.2,4.019083523
13.3,4.019083523
13.7,4.019083523
14,4.019083523
14,4.019083523
13.9,4.019083523
13.8,4.019083523
14.2,4.019083523
16,4.019083523
17,4.019083523
18.4,4.019083523
19.7,4.019083523
20.7,4.019083523
20.5,4.019083523
20.1,4.019083523
19.2,4.019083523
16.8,4.019083523
15.1,4.019083523
13.8,4.019083523
12.3,4.019083523
11.2,4.019083523
11,4.019083523
12,4.019083523
12,4.019083523
10.9,4.019083523
9.7,4.019083523
9.1,4.019083523
8.4,4.019083523
8.6,4.019083523
10.8,4.019083523
10.9,4.019083523
11.8,4.019083523
14.4,4.019083523
16.3,4.019083523
18.3,4.019083523
19.2,4.019083523
20.1,4.019083523
19.5,4.019083523
19.5,4.019083523
18.5,4.019083523
15.9,4.019083523
14,4.019083523
13.4,4.019083523
12,4.019083523
11.1,4.019083523
10.4,4.019083523
11.3,4.019083523
10.1,4.019083523
9.9,4.019083523
11.2,4.019083523
10.5,4.019083523
10.9,4.019083523
12,4.019083523
12.4,4.019083523
12.7,4.019083523
14.8,4.019083523
17.1,4.019083523
18.8,4.019083523
20.4,4.019083523
21.8,4.019083523
21.5,4.019083523
20.9,4.019083523
19.3,4.019083523
18.3,4.019083523
15.5,4.019083523
12.2,4.019083523
10.6,4.019083523
10,4.019083523
9.5,4.019083523
9.1,4.019083523
8.8,4.019083523
8.7,4.019083523
8.4,4.019083523
8,4.019083523
7.7,4.019083523
7.4,4.019083523
7,4.019083523
7,4.019083523
8,4.019083523
11.5,4.019083523
15.6,4.019083523
18.3,4.019083523
18.1,4.019083523
19.1,4.019083523
20.2,4.019083523
20.6,4.019083523
19.7,4.019083523
18,4.019083523
15.8,4.019083523
14.4,4.019083523
12.1,4.019083523
10.8,4.019083523
10.8,4.019083523
10.7,4.019083523
11.4,4.019083523
12,4.019083523
13.3,4.019083523
13.6,4.019083523
14.1,4.019083523
14.6,4.019083523
15.1,4.019083523
15.8,4.019083523
14.8,4.019083523
16,4.019083523
18.1,4.019083523
19.2,4.019083523
20,4.019083523
20.5,4.019083523
21.2,4.019083523
21.3,4.019083523
21,4.019083523
19.4,4.019083523
16.9,4.019083523
15.2,4.019083523
14.3,4.019083523
13.1,4.019083523
11.8,4.019083523
10.8,4.019083523
10.9,4.019083523
11.8,4.019083523
12,4.019083523
12,4.019083523
11.3,4.019083523
9.8,4.019083523
9.1,4.019083523
8.5,4.019083523
9,4.019083523
11.9,4.019083523
15.5,4.019083523
18,4.019083523
20.1,4.019083523
20.6,4.019083523
20.3,4.019083523
20.2,4.019083523
19.1,4.019083523
17.5,4.019083523
15.3,4.019083523
12.6,4.019083523
11.1,4.019083523
10.3,4.019083523
9.7,4.019083523
9.6,4.019083523
9.7,4.019083523
9.2,4.019083523
8.7,4.019083523
8.7,4.019083523
9.8,4.019083523
10.2,4.019083523
10.7,4.019083523
10.2,4.019083523
10.3,4.019083523
11.6,4.019083523
15.2,4.019083523
17.7,4.019083523
19.2,4.019083523
18.7,4.019083523
19.8,4.019083523
20.6,4.019083523
20,4.019083523
17.2,4.019083523
14.7,4.019083523
12.7,4.019083523
10.8,4.019083523
10.1,4.019083523
10,4.019083523
10.2,4.019083523
9.1,4.019083523
8.2,4.019083523
7.4,4.019083523
7,4.019083523
5.8,4.019083523
5.6,4.019083523
5.4,4.019083523
5.2,4.957324683
5.7,4.957324683
10.1,4.957324683
14.1,4.957324683
15.9,4.957324683
17.9,4.957324683
18.8,4.957324683
19,4.957324683
18.6,4.957324683
18.1,4.957324683
16.6,4.957324683
13.8,4.957324683
10.5,4.957324683
9,4.957324683
8.1,4.957324683
7.7,4.957324683
7.4,4.957324683
6.7,4.957324683
6.3,4.957324683
7.1,4.957324683
7.9,4.957324683
8.8,4.957324683
9.6,4.957324683
10,4.957324683
10.3,4.957324683
11.1,4.957324683
12.5,4.957324683
13.7,4.957324683
15.1,4.957324683
17.3,4.957324683
18.4,4.957324683
18.1,4.957324683
17.8,4.957324683
17.2,4.957324683
16.3,4.957324683
14.9,4.957324683
14.8,4.957324683
15.1,4.957324683
15.4,4.957324683
16.6,4.957324683
16.4,4.957324683
16.4,4.957324683
16.5,4.957324683
16.9,4.957324683
17,4.957324683
17.2,4.957324683
17.3,4.957324683
17.4,4.957324683
17.6,4.957324683
17.6,4.957324683
17.8,4.957324683
18.2,4.957324683
18.2,4.957324683
18.4,4.957324683
18.6,4.957324683
18.5,4.957324683
18,4.957324683
17.6,4.957324683
17.5,4.957324683
17.2,4.957324683
17.4,4.957324683
17.8,4.957324683
17.9,4.957324683
17.8,4.957324683
17.8,4.957324683
17.9,4.957324683
18,4.957324683
18,4.957324683
17.8,4.957324683
16.9,4.957324683
15.3,4.957324683
14.3,4.957324683
13.5,4.957324683
12.6,4.957324683
14.2,4.957324683
17.3,4.957324683
18.6,4.957324683
18.7,4.957324683
19.6,4.957324683
20.2,4.957324683
16.2,4.957324683
16.6,4.957324683
15.7,4.957324683
15.1,4.957324683
14.6,4.957324683
13.8,4.957324683
13.4,4.957324683
13.6,4.957324683
13.8,4.957324683
13.4,4.957324683
12.6,4.957324683
12.6,4.957324683
12.7,4.957324683
12.8,4.957324683
12.8,4.957324683
12.2,4.957324683
11.7,4.957324683
11.3,4.957324683
11.6,4.957324683
13.7,4.957324683
15.3,4.957324683
15.1,4.957324683
15.9,4.957324683
15.2,4.957324683
13.7,4.957324683
13,4.957324683
12.5,4.957324683
11.2,4.957324683
9.6,4.957324683
8,4.957324683
6.6,4.957324683
6.7,4.957324683
6.2,5.961833375
5.4,5.961833375
5.1,5.961833375
6.5,5.961833375
7.6,5.961833375
7.9,5.961833375
8,5.961833375
8.1,5.961833375
8.1,5.961833375
8.1,5.961833375
9.2,5.961833375
10.9,5.961833375
12.2,5.961833375
13,5.961833375
14.3,5.961833375
15.4,5.961833375
15,5.961833375
14.9,5.961833375
13.7,5.961833375
11.2,5.961833375
9.2,5.961833375
7.9,5.961833375
7.7,5.961833375
7.4,5.961833375
6.3,5.961833375
5.1,5.961833375
4.7,5.961833375
5.1,5.961833375
3.6,5.961833375
2.7,5.961833375
2.4,6.309277456
2.5,6.309277456
2.5,6.309277456
3,6.309277456
6.7,6.309277456
10.8,6.309277456
14.6,6.309277456
16.5,6.309277456
17.7,6.309277456
17,6.309277456
16.5,6.309277456
15.8,6.309277456
15.1,6.309277456
13.7,6.309277456
12.2,6.309277456
11.2,6.309277456
10.9,6.309277456
11.2,6.309277456
9.3,6.309277456
8.6,6.309277456
10.2,6.309277456
12,6.309277456
12.4,6.309277456
12,6.309277456
10.8,6.309277456
11.4,6.309277456
10,6.309277456
8.6,7.320051187
12.9,7.320051187
16,7.320051187
17.2,7.320051187
18.4,7.320051187
18.9,7.320051187
19.5,7.320051187
19.7,7.320051187
19.3,7.320051187
17.6,7.320051187
15.4,7.320051187
13.8,7.320051187
13.5,7.320051187
11.4,7.320051187
10,7.320051187
11.9,7.320051187
12.8,7.320051187
12.4,7.320051187
12,7.320051187
10.7,7.320051187
9.3,7.320051187
8.9,7.320051187
9.4,7.320051187
9.8,7.320051187
9.4,7.320051187
12.1,7.320051187
14.7,7.320051187
17.5,7.320051187
18.7,7.320051187
19.1,7.320051187
18.1,7.320051187
18.2,7.320051187
18.1,7.320051187
16.2,7.320051187
14,7.320051187
11.2,7.320051187
9.8,7.320051187
9.3,7.320051187
9.3,7.320051187
9.8,7.320051187
10,7.320051187
9.5,7.320051187
9.8,7.320051187
10.2,7.320051187
11.6,7.320051187
11.8,7.320051187
11.9,7.320051187
12,7.320051187
12.3,7.320051187
13.3,7.320051187
14.9,7.320051187
17.6,7.320051187
17.9,7.320051187
17.7,7.320051187
17.2,7.320051187
17,7.320051187
16.9,7.320051187
16.4,7.320051187
15.2,7.320051187
14.4,7.320051187
14.1,7.320051187
13.5,7.320051187
13,7.320051187
13,7.320051187
13.2,7.320051187
13,7.320051187
12.8,7.320051187
12.5,7.320051187
12.5,7.320051187
12.5,7.320051187
12.1,7.320051187
11.5,7.320051187
10.8,7.320051187
12.5,7.320051187
14.8,7.320051187
16.2,7.320051187
17.2,7.320051187
18.2,7.320051187
18,7.320051187
17.1,7.320051187
16.6,7.320051187
15.6,7.320051187
13.2,7.320051187
10.9,7.320051187
11.4,7.320051187
11.5,7.320051187
11.6,7.320051187
11.7,7.320051187
11.4,7.320051187
11.2,7.320051187
11.5,7.320051187
11.7,7.320051187
11.6,7.320051187
11.4,7.320051187
11.3,7.320051187
10.9,7.320051187
10.5,8.32048662
11.9,8.32048662
13.7,8.32048662
15.3,8.32048662
17,8.32048662
16.9,8.32048662
17,8.32048662
17.5,8.32048662
16.1,8.32048662
15.2,8.32048662
14.5,8.32048662
13.9,8.32048662
13.9,8.32048662
13.3,8.32048662
13.1,8.32048662
12.6,8.32048662
11.4,8.32048662
11.4,8.32048662
11.1,8.32048662
10.4,8.32048662
8.9,8.32048662
9.5,8.32048662
9.6,8.32048662
9.6,8.32048662
10.2,8.32048662
11.5,8.32048662
14.6,8.32048662
16.7,8.32048662
17.6,8.32048662
18,8.32048662
18.7,8.32048662
18.3,8.32048662
17.4,8.32048662
16.1,8.32048662
14.6,8.32048662
13.5,8.32048662
13.1,8.32048662
12.7,8.32048662
12.8,8.32048662
12.1,8.32048662
10.7,8.32048662
10.8,8.32048662
10.2,8.32048662
9.6,8.32048662
10.9,8.32048662
11.4,8.32048662
10.9,8.32048662
10.2,8.32048662
10.2,8.32048662
11,8.32048662
12.1,8.32048662
13.7,8.32048662
15.5,8.32048662
17.1,8.32048662
18.2,8.32048662
18.4,8.32048662
17.6,8.32048662
16.7,8.32048662
15.6,8.32048662
14,8.32048662
12.9,8.32048662
12,8.32048662
11.5,8.32048662
11.9,8.32048662
12.4,8.32048662
11.2,8.32048662
9.9,8.32048662
9.5,8.32048662
9.2,8.32048662
9.1,8.32048662
8.8,8.32048662
8.4,9.337117071
8.2,9.337117071
11,9.337117071
14.4,9.337117071
16.3,9.337117071
17.4,9.337117071
18.6,9.337117071
18.3,9.337117071
18,9.337117071
16.7,9.337117071
15.7,9.337117071
13.2,9.337117071
12,9.337117071
12.8,9.337117071
13.4,9.337117071
13.5,9.337117071
13.5,9.337117071
12.9,9.337117071
12.1,9.337117071
11.4,9.337117071
11,9.337117071
11.2,9.337117071
11.1,9.337117071
10.6,9.337117071
9.9,9.337117071
10.1,9.337117071
12,9.337117071
14.4,9.337117071
16.2,9.337117071
17.1,9.337117071
17.9,9.337117071
18.8,9.337117071
18.7,9.337117071
18,9.337117071
16.5,9.337117071
14.7,9.337117071
13,9.337117071
12,9.337117071
11.4,9.337117071
10.8,9.337117071
10.2,9.337117071
9.8,9.337117071
9.7,9.337117071
9,9.337117071
9.4,9.337117071
9.3,9.337117071
10,9.337117071
10.1,9.337117071
10.3,9.337117071
10.3,10.34382671
12,10.34382671
14.4,10.34382671
16.2,10.34382671
17.4,10.34382671
18.7,10.34382671
18.8,10.34382671
18.8,10.34382671
17.6,10.34382671
16.2,10.34382671
13.2,10.34382671
10.7,10.34382671
10,10.34382671
10.8,10.34382671
10.2,10.34382671
9.6,10.34382671
9.8,10.34382671
8.9,10.34382671
8.4,10.34382671
8,10.34382671
7.9,10.34382671
8.1,10.34382671
7.8,10.34382671
8.2,10.34382671
8.3,10.34382671
10.3,10.34382671
13,10.34382671
15.3,10.34382671
16.1,10.34382671
16.8,10.34382671
17.2,10.34382671
17.5,10.34382671
16,10.34382671
14.8,10.34382671
11.7,10.34382671
9.1,10.34382671
8.3,10.34382671
8.2,10.34382671
8.4,10.34382671
7.4,10.34382671
7.1,10.34382671
7.5,10.34382671
7.4,11.35776789
6.9,11.35776789
5.9,11.35776789
5.5,11.35776789
6.3,11.35776789
6.9,11.35776789
7.6,11.35776789
10,11.35776789
12.8,11.35776789
14.5,11.35776789
15.7,11.35776789
16,11.35776789
16.6,11.35776789
15.8,11.35776789
15.1,11.35776789
13.8,11.35776789
12.1,11.35776789
10.1,11.35776789
9.6,11.35776789
9.8,11.35776789
8.6,11.35776789
6.4,11.35776789
6.5,11.35776789
7,11.35776789
7.1,11.35776789
7.2,11.35776789
6.6,11.35776789
6.3,11.35776789
5.8,11.35776789
5.5,11.35776789
5.9,12.31427814
8,12.31427814
10.8,12.31427814
12.4,12.31427814
13.6,12.31427814
14.4,12.31427814
15,12.31427814
15,12.31427814
14.5,12.31427814
12.7,12.31427814
9,12.31427814
7.2,12.31427814
5.9,12.31427814
4.7,12.31427814
4.2,12.31427814
4.6,12.31427814
4.5,12.31427814
3.6,12.31427814
3.1,12.31427814
3.2,12.31427814
3.5,12.31427814
3.1,12.31427814
3.6,12.31427814
4.5,12.31427814
4.9,12.31427814
7.2,12.31427814
10.1,12.31427814
12.3,12.31427814
14.4,12.31427814
15.7,12.31427814
16.2,12.31427814
15.7,12.31427814
14.8,12.31427814
12.9,12.31427814
8.8,12.31427814
6.6,12.31427814
5.5,12.31427814
4.7,13.31678028
4.8,13.31678028
5.1,13.31678028
5.5,13.31678028
5.6,13.31678028
5.3,13.31678028
5.5,13.31678028
5,13.31678028
5.2,13.31678028
5.5,13.31678028
5.1,13.31678028
5.6,13.31678028
7.9,13.31678028
11,13.31678028
13.8,13.31678028
15.6,13.31678028
16.3,13.31678028
16.7,13.31678028
16.3,13.31678028
15.8,13.31678028
13.6,13.31678028
9.6,13.31678028
7.4,13.31678028
5.8,13.31678028
5.2,13.31678028
4.8,13.31678028
5,13.31678028
4.6,13.31678028
5.2,13.31678028
5.6,13.31678028
4.2,13.31678028
3.6,13.31678028
3.4,13.90096795
2.9,13.90096795
3.3,13.90096795
3.2,13.90096795
6.3,13.90096795
10.3,13.90096795
13,13.90096795
15.5,13.90096795
15,13.90096795
15.4,13.90096795
14.9,13.90096795
13.8,13.90096795
12.3,13.90096795
9.7,13.90096795
8.8,13.90096795
8.2,13.90096795
7.8,13.90096795
7.4,13.90096795
7.2,13.90096795
6.8,13.90096795
6.8,13.90096795
6.7,13.90096795
7.6,13.90096795
8.7,14.89798238
9.5,14.89798238
9.7,14.89798238
9.6,14.89798238
10.5,14.89798238
11.3,14.89798238
12.2,14.89798238
12.4,14.89798238
12.5,14.89798238
12.6,14.89798238
13.1,14.89798238
13.6,14.89798238
13.8,14.89798238
14.5,14.89798238
15.7,14.89798238
15.7,14.89798238
16,14.89798238
16,14.89798238
16.2,14.89798238
16.3,14.89798238
16.2,14.89798238
15.3,14.89798238
15.5,14.89798238
16.3,14.89798238
16.5,14.89798238
16.7,14.89798238
16.6,14.89798238
16.8,14.89798238
17,14.89798238
17.1,14.89798238
17.4,14.89798238
17.9,14.89798238
18.1,14.89798238
18.3,14.89798238
18.4,14.89798238
18.4,14.89798238
18.5,14.89798238
17.8,14.89798238
17.4,14.89798238
16.9,14.89798238
16.6,14.89798238
16.3,14.89798238
15.9,14.89798238
15.2,14.89798238
14.5,14.89798238
14.1,14.89798238
13.7,14.89798238
13.4,14.89798238
13.2,14.89798238
13.1,14.89798238
13,14.89798238
12.4,14.89798238
12.1,14.89798238
13,14.89798238
14.8,14.89798238
11.2,14.89798238
16.8,14.89798238
17.4,14.89798238
18,14.89798238
17.1,14.89798238
15.9,14.89798238
15.4,14.89798238
14.7,14.89798238
14.2,14.89798238
13.6,14.89798238
13,14.89798238
12.7,14.89798238
12.1,14.89798238
11.9,14.89798238
11.8,14.89798238
11.6,14.89798238
11.2,14.89798238
11.2,14.89798238
11,14.89798238
10.8,14.89798238
10.6,14.89798238
10.6,14.89798238
10.8,14.89798238
11.3,14.89798238
11.8,15.90490884
12.2,15.90490884
12.9,15.90490884
13.3,15.90490884
13.2,15.90490884
13,15.90490884
12.3,15.90490884
10.7,15.90490884
8.7,15.90490884
7.9,15.90490884
7.3,15.90490884
7.3,15.90490884
7.3,15.90490884
7.3,15.90490884
7.1,15.90490884
7.1,15.90490884
7,15.90490884
6.5,15.90490884
6.7,15.90490884
6.8,15.90490884
6.4,15.90490884
5.7,15.90490884
7.3,15.90490884
10.2,15.90490884
12.3,15.90490884
13.7,15.90490884
14.8,15.90490884
14.9,15.90490884
14,15.90490884
13.1,15.90490884
11.7,15.90490884
9.3,15.90490884
7.6,15.90490884
6.2,15.90490884
5.9,16.91812806
5.6,16.91812806
5.9,16.91812806
6.4,16.91812806
6.9,16.91812806
7.2,16.91812806
7.8,16.91812806
8.4,16.91812806
9,16.91812806
8.9,16.91812806
8.9,16.91812806
9.1,16.91812806
10.3,16.91812806
12.4,16.91812806
13.3,16.91812806
13.8,16.91812806
14.2,16.91812806
14.4,16.91812806
14.8,16.91812806
14.5,16.91812806
13.8,16.91812806
13.1,16.91812806
12.4,16.91812806
11.8,16.91812806
11.5,16.91812806
11.5,16.91812806
11.7,16.91812806
11.8,16.91812806
11.8,16.91812806
11.8,16.91812806
11.8,16.91812806
11.6,16.91812806
11.5,16.91812806
11.4,16.91812806
11.3,16.91812806
11,16.91812806
11.7,16.91812806
12.7,16.91812806
13.3,16.91812806
13.9,16.91812806
14.6,16.91812806
15.6,16.91812806
15.6,16.91812806
14.9,16.91812806
14.2,16.91812806
13.3,16.91812806
12.7,16.91812806
12.7,16.91812806
12.8,16.91812806
12.8,16.91812806
12.5,16.91812806
12.2,16.91812806
11.9,16.91812806
11.1,16.91812806
10.6,16.91812806
10.2,17.92533876
10.5,17.92533876
11,17.92533876
11.2,17.92533876
11.1,17.92533876
12.2,17.92533876
13.2,17.92533876
14.7,17.92533876
15.9,17.92533876
15.3,17.92533876
15.6,17.92533876
15.1,17.92533876
14.6,17.92533876
13.9,17.92533876
13.5,17.92533876
13.4,17.92533876
13.2,17.92533876
13.2,17.92533876
13.2,17.92533876
13,17.92533876
13.1,17.92533876
13.1,17.92533876
12.9,17.92533876
12.5,17.92533876
12.4,17.92533876
12.2,17.92533876
12.3,17.92533876
12.5,17.92533876
12.7,17.92533876
12.8,17.92533876
13.4,17.92533876
14,17.92533876
14.3,17.92533876
14.6,17.92533876
15,17.92533876
14.7,17.92533876
15.2,17.92533876
16.5,17.92533876
16.7,17.92533876
16.7,17.92533876
16.3,17.92533876
16.3,17.92533876
16.4,17.92533876
16.1,17.92533876
15.4,17.92533876
15.1,17.92533876
15,17.92533876
14.7,17.92533876
14.8,17.92533876
14.7,17.92533876
14.1,17.92533876
13.6,17.92533876
13.3,17.92533876
14.1,17.92533876
14.9,17.92533876
15.6,17.92533876
16.4,17.92533876
17,17.92533876
17.2,17.92533876
17.2,17.92533876
16.5,17.92533876
15.6,17.92533876
14.7,17.92533876
13.6,17.92533876
12.7,17.92533876
12.4,17.92533876
12,17.92533876
10.3,17.92533876
11.1,17.92533876
11.2,17.92533876
10.3,17.92533876
7.8,17.92533876
6.2,17.92533876
5.4,17.92533876
5.4,18.89989153
5.1,18.89989153
4.9,18.89989153
6.2,18.89989153
10.8,18.89989153
14.6,18.89989153
15.8,18.89989153
16.2,18.89989153
15.4,18.89989153
14.5,18.89989153
13.7,18.89989153
12.8,18.89989153
12.9,18.89989153
13.3,18.89989153
13.4,18.89989153
13.5,18.89989153
15.1,18.89989153
15.7,18.89989153
15.6,18.89989153
16,18.89989153
15.7,18.89989153
15.4,18.89989153
15,18.89989153
14.2,18.89989153
13.6,18.89989153
13.4,18.89989153
13.2,18.89989153
13.9,18.89989153
16.2,18.89989153
17.8,18.89989153
18.1,18.89989153
17.5,18.89989153
17.2,18.89989153
16,18.89989153
15.9,18.89989153
15.6,18.89989153
14.9,18.89989153
14.4,18.89989153
14.7,18.89989153
13.8,18.89989153
11.9,18.89989153
10.8,18.89989153
11.8,18.89989153
12.6,18.89989153
10.7,18.89989153
9.2,18.89989153
8.6,18.89989153
8,18.89989153
7.7,18.89989153
7.3,18.89989153
7.4,18.89989153
8.6,19.91408211
12.1,19.91408211
14.7,19.91408211
15.7,19.91408211
15.9,19.91408211
15.5,19.91408211
15.1,19.91408211
14.9,19.91408211
14,19.91408211
13.3,19.91408211
12.7,19.91408211
12.4,19.91408211
12.1,19.91408211
11.7,19.91408211
11.1,19.91408211
11,19.91408211
10.7,19.91408211
10.5,19.91408211
10.4,19.91408211
10.2,19.91408211
9.7,19.91408211
8.8,19.91408211
9.2,19.91408211
9.3,19.91408211
9.9,19.91408211
12,19.91408211
13.7,19.91408211
13.7,19.91408211
14,19.91408211
14.5,19.91408211
14.5,19.91408211
14.3,19.91408211
13.1,19.91408211
12,19.91408211
10.3,19.91408211
9.1,19.91408211
8.5,19.91408211
8.6,19.91408211
8.7,20.93235989
9.8,20.93235989
10.6,20.93235989
9.5,20.93235989
8.7,20.93235989
9.9,20.93235989
9.8,20.93235989
9.7,20.93235989
9.5,20.93235989
8.4,20.93235989
8.6,20.93235989
11.5,20.93235989
12.5,20.93235989
13.1,20.93235989
13.4,20.93235989
13.2,20.93235989
12.7,20.93235989
12.5,20.93235989
11,20.93235989
9.1,20.93235989
7.1,20.93235989
6.1,20.93235989
5.4,20.93235989
4.1,20.93235989
3.1,20.93235989
2.6,20.93235989
2.5,20.93235989
2.7,20.93235989
3.5,20.93235989
4.1,21.04514987
3.2,21.04514987
3,21.04514987
3.5,21.04514987
5.5,21.21584128
6.4,21.21584128
10.5,21.21584128
13.3,21.21584128
14.8,21.21584128
15.2,21.21584128
15,21.21584128
14.5,21.21584128
13.5,21.21584128
12,21.21584128
10.4,21.21584128
9,21.21584128
7.1,21.21584128
6.8,21.21584128
7,22.21993679
5.6,22.21993679
4.9,22.21993679
5,22.21993679
4,22.21993679
3.7,22.21993679
3.1,22.21993679
3.6,22.21993679
3.4,22.21993679
2.9,22.21993679
2.9,22.21993679
5.4,22.21993679
10.8,22.21993679
12.8,22.21993679
14.1,22.21993679
15,22.21993679
15,22.21993679
14.7,22.21993679
14.1,22.21993679
12.8,22.21993679
11.2,22.21993679
10.7,22.21993679
8.4,22.21993679
6.9,22.21993679
8.6,22.21993679
8.7,22.21993679
8.2,22.21993679
7.5,22.21993679
7.1,22.21993679
6.1,22.21993679
5.5,22.21993679
5.1,22.21993679
4.9,23.15158904
3.4,23.15158904
2.4,23.15158904
4.2,23.15158904
9.9,23.15158904
14.5,23.15158904
15.9,23.15158904
16.7,23.15158904
16.4,23.15158904
15.4,23.15158904
14.9,23.15158904
13.2,23.15158904
10.1,23.15158904
8.2,23.15158904
6.6,23.15158904
7.2,23.15158904
7.7,23.15158904
6.7,23.15158904
5.8,23.15158904
5.2,23.15158904
4,23.15158904
5,23.15158904
7.1,23.15158904
7.2,23.15158904
5,23.15158904
3.8,23.15158904
3.2,23.15158904
4.7,23.57648336
10.1,23.57648336
13.3,23.57648336
13.7,23.57648336
14,23.57648336
14.8,23.57648336
13.9,23.57648336
13.8,23.57648336
13.1,23.57648336
10.6,23.57648336
8.5,23.57648336
7.6,23.57648336
9,23.57648336
7.4,23.57648336
6.6,23.57648336
8.1,23.57648336
8.7,23.57648336
8.7,23.57648336
9.9,23.57648336
10.5,24.5826887
10.7,24.5826887
10.6,24.5826887
10.5,24.5826887
11.1,24.5826887
11.7,24.5826887
12.4,24.5826887
13.5,24.5826887
14.3,24.5826887
15.3,24.5826887
14.9,24.5826887
14.5,24.5826887
14.9,24.5826887
13.8,24.5826887
13,24.5826887
12.9,24.5826887
11.9,24.5826887
11.3,24.5826887
10.8,24.5826887
10.9,24.5826887
10.4,24.5826887
9.6,24.5826887
10.7,24.5826887
10.9,24.5826887
10.9,24.5826887
10.8,24.5826887
10.6,24.5826887
10.2,24.5826887
10.2,24.5826887
10.7,24.5826887
12,24.5826887
12.7,24.5826887
13.5,24.5826887
14.2,24.5826887
14.6,24.5826887
14.3,24.5826887
13.6,24.5826887
13,24.5826887
12.2,24.5826887
11.6,24.5826887
11.1,24.5826887
10.6,24.5826887
9.4,25.5899188
8.1,25.5899188
7.5,25.5899188
7.7,25.5899188
7,25.5899188
5.8,25.5899188
4.4,25.5899188
3.5,25.5899188
3.7,25.5899188
3.6,25.5899188
3.1,25.5899188
5.1,25.5899188
9.2,25.5899188
11.7,25.5899188
13,25.5899188
14.1,25.5899188
14.4,25.5899188
13.4,25.5899188
12.1,25.5899188
10.2,25.5899188
7.1,25.5899188
5.5,25.5899188
4.8,25.5899188
4.4,25.5899188
4,25.5899188
3.2,25.5899188
3.2,25.5899188
2.8,25.5899188
3.2,25.5899188
3.5,25.5899188
3.5,25.8104803
2.6,25.8104803
2.7,25.8104803
3,25.8104803
2.5,25.8104803
3.7,25.8104803
8.6,25.8104803
12.4,25.8104803
13.8,25.8104803
14,25.8104803
13.9,25.8104803
12.8,25.8104803
12.1,25.8104803
11.6,25.8104803
9.1,25.8104803
7.4,26.83240005
6.4,26.83240005
6.2,26.83240005
6.6,26.83240005
6.8,26.83240005
7.7,26.83240005
8.4,26.83240005
8.6,26.83240005
7.3,26.83240005
6.1,26.83240005
6.1,26.83240005
6.6,26.83240005
7.4,26.83240005
7.5,26.83240005
7.1,26.83240005
10.7,26.83240005
12.7,26.83240005
13.5,26.83240005
13.9,26.83240005
13.7,26.83240005
14,26.83240005
14,26.83240005
13,26.83240005
11.4,26.83240005
10.2,26.83240005
9.7,26.83240005
9.8,26.83240005
9.8,26.83240005
9.8,26.83240005
9.5,26.83240005
9.7,26.83240005
9.9,26.83240005
9.9,26.83240005
9.6,26.83240005
9.1,27.84271137
9,27.84271137
8.6,27.84271137
8.3,27.84271137
9.2,27.84271137
12.5,27.84271137
15.2,27.84271137
16.3,27.84271137
16.4,27.84271137
15.6,27.84271137
15.9,27.84271137
15.2,27.84271137
14.3,27.84271137
13.6,27.84271137
11.7,27.84271137
11.2,27.84271137
11.4,27.84271137
11.5,27.84271137
11.4,27.84271137
10.7,27.84271137
10,27.84271137
10.6,27.84271137
11,27.84271137
11.3,27.84271137
11.8,27.84271137
11.6,27.84271137
12.3,27.84271137
12.1,27.84271137
12.7,27.84271137
14.4,27.84271137
15.9,27.84271137
16,27.84271137
15.7,27.84271137
16.1,27.84271137
16.1,27.84271137
15.5,27.84271137
15.2,27.84271137
15.2,27.84271137
15.1,27.84271137
14.4,27.84271137
13.8,27.84271137
14.6,27.84271137
14.3,27.84271137
14.4,27.84271137
14,27.84271137
13,27.84271137
13.1,27.84271137
13.2,27.84271137
13,27.84271137
12.2,27.84271137
10.8,27.84271137
11,27.84271137
12.2,27.84271137
13.3,27.84271137
13.4,27.84271137
13.9,27.84271137
13.8,27.84271137
14,27.84271137
13.6,27.84271137
13.5,27.84271137
13.5,27.84271137
13.2,27.84271137
12.8,27.84271137
12.7,27.84271137
12.4,27.84271137
11.7,27.84271137
11.6,27.84271137
12.2,27.84271137
12.6,27.84271137
13.1,27.84271137
13,27.84271137
12.5,27.84271137
12.7,27.84271137
12.7,27.84271137
12.5,27.84271137
12.2,28.84772586
12.2,28.84772586
12.8,28.84772586
13.6,28.84772586
14.3,28.84772586
14.3,28.84772586
14.5,28.84772586
14.4,28.84772586
14,28.84772586
13.5,28.84772586
13.3,28.84772586
13.2,28.84772586
13.2,28.84772586
13.1,28.84772586
13.1,28.84772586
12.9,28.84772586
13,28.84772586
12.7,28.84772586
12.4,28.84772586
12.6,28.84772586
12.5,28.84772586
12.4,28.84772586
12.5,28.84772586
12.5,28.84772586
12.2,28.84772586
12.3,28.84772586
13.5,28.84772586
14.1,28.84772586
14.6,28.84772586
14.7,28.84772586
15.1,28.84772586
15.2,28.84772586
15.5,28.84772586
15.2,28.84772586
14.3,28.84772586
14,28.84772586
14.5,28.84772586
14.5,28.84772586
14.2,28.84772586
14,28.84772586
14,28.84772586
14.2,28.84772586
14,28.84772586
13.5,28.84772586
13.2,28.84772586
12.5,28.84772586
12.2,28.84772586
11.8,28.84772586
12,28.84772586
12.7,28.84772586
14.5,28.84772586
16.1,28.84772586
17,28.84772586
17.4,28.84772586
17.6,28.84772586
17.5,28.84772586
17.1,28.84772586
15.8,28.84772586
13.1,28.84772586
12,28.84772586
11.3,28.84772586
10.9,28.84772586
10,28.84772586
9.7,28.84772586
9.2,28.84772586
9.3,28.84772586
9.6,28.84772586
8.7,28.84772586
8.2,28.84772586
7.8,29.86514063
7.6,29.86514063
8.1,29.86514063
8.2,29.86514063
9.5,29.86514063
12.6,29.86514063
15.1,29.86514063
16.8,29.86514063
17,29.86514063
16.6,29.86514063
15.9,29.86514063
15.2,29.86514063
13.8,29.86514063
11.4,29.86514063
9.6,29.86514063
9.7,29.86514063
9.7,29.86514063
9.7,29.86514063
9.8,29.86514063
10.8,29.86514063
11.1,29.86514063
11.2,29.86514063
10.9,29.86514063
10.8,29.86514063
10.9,29.86514063
11.1,29.86514063
11.2,29.86514063
11,29.86514063
11,29.86514063
11.5,29.86514063
12,29.86514063
12.3,29.86514063
13.1,29.86514063
13.2,29.86514063
13.1,29.86514063
12.6,29.86514063
12.2,29.86514063
12.1,29.86514063
12.1,29.86514063
11.8,29.86514063
11.7,30.86703376
11.5,30.86703376
11.4,30.86703376
11.1,30.86703376
10.8,30.86703376
10.8,30.86703376
11,30.86703376
10.7,30.86703376
10.4,30.86703376
10.4,30.86703376
10.5,30.86703376
10.6,30.86703376
10.8,30.86703376
11,30.86703376
11.2,30.86703376
11.3,30.86703376
11.4,30.86703376
11.6,30.86703376
11.9,30.86703376
12.1,30.86703376
12,30.86703376
11.8,30.86703376
11.8,30.86703376
11.9,30.86703376
11.9,30.86703376
11.8,30.86703376
11.7,30.86703376
11.7,30.86703376
11.9,30.86703376
12.5,30.86703376
12.6,30.86703376
12.3,30.86703376
12.1,30.86703376
12.2,30.86703376
12,30.86703376
11.8,30.86703376
11.8,30.86703376
11.9,30.86703376
12.5,30.86703376
13.2,30.86703376
14,30.86703376
14.3,30.86703376
13.8,30.86703376
14,30.86703376
13.9,30.86703376
13.3,30.86703376
12.7,30.86703376
12.5,30.86703376
12.2,30.86703376
11.7,30.86703376
11.8,30.86703376
13.3,30.86703376
13.6,30.86703376
13.7,30.86703376
13.8,30.86703376
13.9,30.86703376
13.7,30.86703376
13.9,30.86703376
14,30.86703376
13.9,30.86703376
14.1,30.86703376
14.3,30.86703376
14.6,30.86703376
15.1,30.86703376
15.2,30.86703376
15.4,30.86703376
15.1,30.86703376
15.1,30.86703376
14.8,30.86703376
14.5,30.86703376
14.2,30.86703376
14.4,30.86703376
14.7,30.86703376
14.9,30.86703376
14.9,30.86703376
14.8,30.86703376
14.8,30.86703376
14.4,30.86703376
14.1,30.86703376
13.8,30.86703376
13.6,30.86703376
13.2,30.86703376
12.4,30.86703376
10.6,30.86703376
11,30.86703376
13.4,30.86703376
14.5,30.86703376
15.2,30.86703376
14.8,30.86703376
15,30.86703376
14.4,30.86703376
13.3,30.86703376
12,30.86703376
10.8,30.86703376
10,30.86703376
9,30.86703376
8,30.86703376
7.8,31.87706764
8,31.87706764
7.8,31.87706764
7.5,31.87706764
7.4,31.87706764
6.5,31.87706764
5.4,31.87706764
4.4,31.87706764
4.3,31.87706764
4.7,31.87706764
4.9,31.87706764
6.7,31.87706764
10.5,31.87706764
13.8,31.87706764
14.9,31.87706764
15.3,31.87706764
15.1,31.87706764
15,31.87706764
14.1,31.87706764
13.6,31.87706764
10.7,31.87706764
9.8,31.87706764
9.3,31.87706764
8.8,31.87706764
8.2,31.87706764
8.5,31.87706764
8.8,31.87706764
8.3,31.87706764
8.6,31.87706764
8.8,31.87706764
8.8,31.87706764
9.1,31.87706764
9.3,31.87706764
9.3,32.8915413
9.3,32.8915413
9.5,32.8915413
9.6,32.8915413
10.3,32.8915413
11.7,32.8915413
12.2,32.8915413
12.2,32.8915413
12,32.8915413
11,32.8915413
10.5,32.8915413
9.9,32.8915413
9.8,32.8915413
9.6,32.8915413
9.4,32.8915413
8.8,32.8915413
8.2,32.8915413
8.1,32.8915413
7.7,32.8915413
7.3,32.8915413
6,32.8915413
5.3,32.8915413
5.5,32.8915413
5.2,32.8915413
4.1,32.8915413
4,32.8915413
6.1,32.8915413
8.9,33.39226018
10,33.39226018
11.8,33.39226018
12.3,33.39226018
12.4,33.39226018
12,33.39226018
11.7,33.39226018
10.5,33.39226018
8.3,33.39226018
6.7,33.39226018
6.6,33.39226018
5.7,33.39226018
5.6,33.39226018
5.3,33.39226018
5.4,33.39226018
5.4,33.39226018
5.9,33.39226018
5.9,33.39226018
6.3,34.36815259
4.3,34.36815259
5,34.36815259
5.6,34.36815259
6,34.36815259
7.4,34.36815259
7.8,34.36815259
8.5,34.36815259
9,34.36815259
9.2,34.36815259
10.3,34.36815259
11.5,34.36815259
11.2,34.36815259
10.1,34.36815259
8.8,34.36815259
8.1,34.36815259
7.4,34.36815259
6.3,34.36815259
4.8,34.36815259
4.6,34.36815259
3.7,34.36815259
2,34.36815259
1.1,34.36815259
0.5,34.36815259
1.5,34.36815259
2.9,34.36815259
2.4,34.36815259
0.9,34.51457288
0.9,34.51457288
3.6,34.51457288
8.4,34.51457288
10.9,34.51457288
11.9,34.51457288
13.2,34.51457288
13.4,34.51457288
12.8,34.51457288
12.1,34.51457288
10.6,34.51457288
8.7,35.52429068
7.7,35.52429068
6.7,35.52429068
6.5,35.52429068
6.3,35.52429068
5.7,35.52429068
6.4,35.52429068
6.1,35.52429068
4.4,35.52429068
3,35.52429068
2.5,35.52429068
3.3,35.52429068
6.4,35.52429068
7.2,35.52429068
7.7,35.52429068
7.9,35.52429068
8.3,35.52429068
9.5,35.52429068
10.5,35.52429068
12,35.52429068
13,35.52429068
13,35.52429068
12.4,35.52429068
11.8,35.52429068
10.7,35.52429068
9.9,35.52429068
9.5,35.52429068
9.1,35.52429068
8.8,35.52429068
8.6,35.52429068
8.6,35.52429068
8.3,35.52429068
8.1,36.52879368
8,36.52879368
7.6,36.52879368
7.3,36.52879368
7.5,36.52879368
6.8,36.52879368
7.3,36.52879368
8.1,36.52879368
9.2,36.52879368
11.1,36.52879368
11.8,36.52879368
13.5,36.52879368
14.6,36.52879368
14,36.52879368
13.4,36.52879368
13.5,36.52879368
13,36.52879368
12.9,36.52879368
13.1,36.52879368
14,36.52879368
13.4,36.52879368
13.7,36.52879368
14,36.52879368
13.6,36.52879368
13.1,36.52879368
12.3,36.52879368
11,36.52879368
11,36.52879368
11.1,36.52879368
11.5,36.52879368
11.1,36.52879368
11.4,36.52879368
13.4,36.52879368
14.2,36.52879368
15,36.52879368
13.8,36.52879368
12.6,36.52879368
11.6,36.52879368
10.7,36.52879368
10.4,36.52879368
10.1,36.52879368
9.9,36.52879368
9.3,37.53703957
8.8,37.53703957
8.6,37.53703957
8.5,37.53703957
8.1,37.53703957
6.7,37.53703957
7.7,37.53703957
7.7,37.53703957
7.3,37.53703957
8.5,37.53703957
9,37.53703957
7.9,37.53703957
9.6,37.53703957
9.9,37.53703957
10.6,37.53703957
12.1,37.53703957
13.5,37.53703957
13.9,37.53703957
14.1,37.53703957
14,37.53703957
12.9,37.53703957
12.3,37.53703957
11.8,37.53703957
11.4,37.53703957
10.9,37.53703957
10.9,37.53703957
9.9,37.53703957
8.4,37.53703957
8.6,37.53703957
7.2,37.53703957
7.7,37.53703957
8.2,37.53703957
8.8,38.53515697
9.7,38.53515697
9.8,38.53515697
10.1,38.53515697
9.9,38.53515697
10.2,38.53515697
10.6,38.53515697
11.1,38.53515697
8.1,38.53515697
7.3,38.53515697
7.9,38.53515697
8.3,38.53515697
8,38.53515697
7.6,38.53515697
7.3,38.53515697
7.4,38.53515697
7.1,38.53515697
6.9,38.53515697
6.5,38.53515697
5.8,38.53515697
5.6,38.53515697
5.7,38.53515697
5,38.53515697
4.2,38.53515697
3,38.53515697
2.8,38.53515697
2.8,38.53515697
2.5,38.6636793
0.9,38.6636793
3.2,38.6636793
7.4,38.6636793
9.7,38.6636793
11.2,38.6636793
11.4,39.66835168
11.4,39.66835168
11,39.66835168
9.8,39.66835168
8.8,39.66835168
6.9,39.66835168
6.2,39.66835168
5.9,39.66835168
5.8,39.66835168
5.4,39.66835168
5.4,39.66835168
3.8,39.66835168
3.3,39.66835168
4.9,39.66835168
2.9,39.66835168
4.3,39.66835168
2.7,39.66835168
1,39.66835168
0.4,39.66835168
0.4,39.66835168
3.2,39.66835168
9.5,39.66835168
11.5,39.66835168
12.9,39.66835168
13.6,39.66835168
14.8,39.66835168
14.2,39.66835168
13.1,39.66835168
11.5,39.66835168
8.8,39.66835168
7.4,39.66835168
6.6,39.66835168
4.7,39.66835168
4,40.65678439
3.8,40.65678439
3,40.65678439
2.7,40.65678439
1.8,40.65678439
2.5,40.65678439
4.9,40.65678439
4,40.65678439
3.5,40.65678439
4.5,40.65678439
6.2,40.65678439
7,40.65678439
9.2,40.65678439
11.6,40.65678439
12.6,40.65678439
12.8,40.65678439
13.7,40.65678439
13.2,40.65678439
12.4,40.65678439
12,40.65678439
10.5,40.65678439
7.8,40.65678439
5.8,40.65678439
5,40.65678439
3.8,40.65678439
3.3,40.65678439
3.5,40.65678439
3.1,40.65678439
4,40.65678439
3.7,40.65678439
3.9,41.15906981
5.2,41.15906981
6.3,41.15906981
6.1,41.15906981
6.6,41.15906981
7.5,41.15906981
10.5,41.15906981
11.4,41.15906981
11.5,41.15906981
11.6,41.15906981
12.6,41.15906981
12.7,41.15906981
12.8,41.15906981
12.9,41.15906981
11.7,41.15906981
10.7,41.15906981
8.3,41.15906981
6.6,41.15906981
6.5,41.15906981
10.6,41.15906981
11.2,41.15906981
11.3,41.15906981
11,42.16001653
10.6,42.16001653
10.8,42.16001653
11.4,42.16001653
11.1,42.16001653
11.4,42.16001653
11.8,42.16001653
12.4,42.16001653
13,42.16001653
13.9,42.16001653
14.7,42.16001653
15,42.16001653
14.8,42.16001653
15,42.16001653
15.1,42.16001653
13.8,42.16001653
12.5,42.16001653
11.5,42.16001653
11.5,42.16001653
11.5,42.16001653
11.2,42.16001653
11,42.16001653
11.2,42.16001653
11.5,42.16001653
12,42.16001653
11.9,42.16001653
11.8,42.16001653
11.6,42.16001653
11.2,42.16001653
11.1,42.16001653
10.9,42.16001653
11.2,42.16001653
12.8,42.16001653
14.2,42.16001653
14.9,42.16001653
15.6,42.16001653
15.5,42.16001653
15.5,42.16001653
15.5,42.16001653
14.5,42.16001653
13.2,42.16001653
12.8,42.16001653
12.4,42.16001653
12.2,42.16001653
11.8,42.16001653
10.4,42.16001653
9.3,42.16001653
9.3,42.16001653
9.6,42.16001653
10.1,43.17494227
10.2,43.17494227
10.6,43.17494227
10.9,43.17494227
10.9,43.17494227
11,43.17494227
11.2,43.17494227
11.5,43.17494227
11.8,43.17494227
12,43.17494227
12,43.17494227
12.2,43.17494227
11.8,43.17494227
11.4,43.17494227
11.1,43.17494227
10.6,43.17494227
10.4,43.17494227
10.1,43.17494227
9.9,43.17494227
9.5,43.17494227
9,43.17494227
8.6,43.17494227
8.5,43.17494227
8.4,43.17494227
8.4,43.17494227
8.3,43.17494227
8.3,43.17494227
8.4,43.17494227
8.3,43.17494227
8.4,44.18640519
8.4,44.18640519
7.9,44.18640519
7.8,44.18640519
8.7,44.18640519
9.7,44.18640519
10.3,44.18640519
10.5,44.18640519
10.5,44.18640519
10.4,44.18640519
10.2,44.18640519
10.1,44.18640519
9.9,44.18640519
10,44.18640519
10,44.18640519
9.8,44.18640519
9.9,44.18640519
9.7,44.18640519
9.9,44.18640519
9.7,44.18640519
9.9,44.18640519
10.2,44.18640519
10.2,44.18640519
10.2,44.18640519
10.3,44.18640519
10.6,44.18640519
11,44.18640519
11.6,44.18640519
12.2,44.18640519
13.6,44.18640519
14.5,44.18640519
14.5,44.18640519
14.4,44.18640519
13.7,44.18640519
13,44.18640519
13,44.18640519
12.9,44.18640519
13,44.18640519
13,44.18640519
12.7,44.18640519
12.7,44.18640519
12.4,44.18640519
12,44.18640519
11.8,44.18640519
11.8,44.18640519
12,44.18640519
12,45.18782669
12.4,45.18782669
12.4,45.18782669
12.6,45.18782669
13,45.18782669
13.1,45.18782669
13.5,45.18782669
13.9,45.18782669
14.4,45.18782669
14.5,45.18782669
14.3,45.18782669
14.5,45.18782669
14.1,45.18782669
13.6,45.18782669
13.8,45.18782669
13.8,45.18782669
13.8,45.18782669
13.7,45.18782669
13.6,45.18782669
13.5,45.18782669
13.3,45.18782669
13.1,45.18782669
12.7,45.18782669
12.5,45.18782669
12,45.18782669
10.9,45.18782669
9.3,45.18782669
10.5,45.18782669
12.7,45.18782669
14.4,45.18782669
15.6,45.18782669
16.3,45.18782669
16.8,45.18782669
15.9,45.18782669
15.5,45.18782669
14.5,45.18782669
12.7,45.18782669
11.5,45.18782669
11.1,45.18782669
10.8,45.18782669
10.3,45.18782669
9.9,45.18782669
10.2,45.18782669
10.6,45.18782669
11,45.18782669
10.2,45.18782669
10.3,46.19264037
11,46.19264037
11.3,46.19264037
11.7,46.19264037
12.2,46.19264037
12.6,46.19264037
13.6,46.19264037
13.9,46.19264037
13.8,46.19264037
13.7,46.19264037
13.8,46.19264037
13.9,46.19264037
13.8,46.19264037
13.7,46.19264037
13.6,46.19264037
13.5,46.19264037
13.3,46.19264037
13.2,46.19264037
13.2,46.19264037
13.2,46.19264037
13.1,46.19264037
13.1,46.19264037
13.2,46.19264037
13.3,46.19264037
13.3,46.19264037
13.3,46.19264037
13.4,46.19264037
13.4,46.19264037
13,46.19264037
13.2,46.19264037
14.1,46.19264037
14.4,46.19264037
14.6,46.19264037
15,46.19264037
14.7,46.19264037
14.4,46.19264037
14,46.19264037
13.6,46.19264037
12.9,46.19264037
12.5,46.19264037
12,46.19264037
10.6,46.19264037
9.1,46.19264037
8.6,46.19264037
8,46.19264037
8.9,46.19264037
8.1,47.21167323
7.9,47.21167323
7.8,47.21167323
7.8,47.21167323
8.3,47.21167323
8,47.21167323
7.4,47.21167323
8.1,47.21167323
10.1,47.21167323
9.9,47.21167323
9.8,47.21167323
10.8,47.21167323
11.7,47.21167323
12.6,47.21167323
11.9,47.21167323
10.4,47.21167323
9.6,47.21167323
9.5,47.21167323
9.2,47.21167323
8.9,47.21167323
8.6,47.21167323
8.5,47.21167323
8.4,47.21167323
9,47.21167323
9.6,47.21167323
10.3,47.21167323
10.9,47.21167323
11,47.21167323
10.8,47.21167323
11,47.21167323
10.6,47.21167323
11.3,47.21167323
12.9,47.21167323
14.2,47.21167323
14.4,47.21167323
15,47.21167323
15,47.21167323
14.7,47.21167323
13.8,47.21167323
13.2,47.21167323
12.4,47.21167323
12.3,47.21167323
11.9,47.21167323
11.7,47.21167323
11.3,47.21167323
10.7,47.21167323
10.1,48.22580222
9.6,48.22580222
8.9,48.22580222
8.9,48.22580222
10.2,48.22580222
11.2,48.22580222
10.9,48.22580222
10.3,48.22580222
10.1,48.22580222
10.9,48.22580222
12.2,48.22580222
12.7,48.22580222
13.8,48.22580222
12.8,48.22580222
13.4,48.22580222
13,48.22580222
12.6,48.22580222
11.5,48.22580222
9.9,48.22580222
8.8,48.22580222
7.9,48.22580222
7.4,48.22580222
5.8,48.22580222
5.7,48.22580222
4.8,48.22580222
4.6,48.22580222
4.6,48.22580222
5.5,48.22580222
5.7,48.22580222
5.1,49.16288209
4.5,49.16288209
3.5,49.16288209
2.6,49.16288209
5.6,49.16288209
9.5,49.16288209
11,49.16288209
12.2,49.16288209
12,49.16288209
12.7,49.16288209
12.7,49.16288209
12.7,49.16288209
12.1,49.16288209
10.2,49.16288209
8.8,49.16288209
6.8,49.16288209
5.7,49.16288209
5.8,49.16288209
5.5,49.16288209
4.7,49.16288209
6.5,49.16288209
6.9,49.16288209
6.5,49.16288209
3.9,49.16288209
3.5,49.16288209
4.9,49.16288209
5.6,49.16288209
5.8,49.98429216
6.5,49.98429216
9.9,49.98429216
11.9,49.98429216
13.3,49.98429216
14.4,49.98429216
14.8,49.98429216
14.5,49.98429216
14,49.98429216
13,49.98429216
10.1,49.98429216
7.2,49.98429216
5.9,49.98429216
5.7,49.98429216
6.3,49.98429216
5.3,49.98429216
4.4,49.98429216
4.1,49.98429216
3.9,49.98429216
3,49.98429216
2.3,49.98429216
2.1,49.98429216
2.4,49.98429216
3,49.98429216
3,50.05572458
5.2,50.05572458
9.4,50.05572458
10.2,50.92726231
9.2,50.92726231
14.5,50.92726231
13,50.92726231
10.1,50.92726231
7.1,50.92726231
5.9,50.92726231
5.4,50.92726231
5.3,50.92726231
5.9,50.92726231
6.3,50.92726231
7.3,50.92726231
6.7,50.92726231
7.2,50.92726231
8,50.92726231
7.9,50.92726231
8.1,50.92726231
8.5,50.92726231
8.8,50.92726231
9.9,50.92726231
11,50.92726231
11.7,50.92726231
12.6,50.92726231
13.6,50.92726231
13.5,50.92726231
13.7,50.92726231
13.8,50.92726231
13.3,50.92726231
12.4,50.92726231
11.6,50.92726231
10.8,50.92726231
9.6,50.92726231
9.7,50.92726231
9.5,50.92726231
9.1,51.94337838
8.6,51.94337838
8.8,51.94337838
8.4,51.94337838
7.4,51.94337838
6.4,51.94337838
5.4,51.94337838
6.2,51.94337838
6.7,51.94337838
7.8,51.94337838
9.9,51.94337838
13.7,51.94337838
15.4,51.94337838
15.3,51.94337838
15.8,51.94337838
15.3,51.94337838
14.2,51.94337838
12.6,51.94337838
11.3,51.94337838
9.4,51.94337838
8.2,51.94337838
7.3,51.94337838
6.8,51.94337838
6.7,51.94337838
6.6,51.94337838
6.5,51.94337838
7,51.94337838
6.8,51.94337838
6.7,51.94337838
6.1,51.94337838
5.2,52.93384556
4.2,52.93384556
5.4,52.93384556
7.1,52.93384556
9.4,52.93384556
11.1,52.93384556
13.1,52.93384556
13.6,52.93384556
14.1,52.93384556
13.8,52.93384556
13.6,52.93384556
12.7,52.93384556
11.7,52.93384556
11.2,52.93384556
10.7,52.93384556
10.5,52.93384556
10.6,52.93384556
10.4,52.93384556
10.1,52.93384556
10.1,52.93384556
10.2,52.93384556
10.2,52.93384556
10.3,52.93384556
10.2,52.93384556
10.2,52.93384556
10,52.93384556
9.9,52.93384556
10.4,52.93384556
11.2,52.93384556
11.8,52.93384556
11.9,52.93384556
12.7,52.93384556
13.2,52.93384556
13.2,52.93384556
13,52.93384556
12.5,52.93384556
12.2,52.93384556
12.1,52.93384556
12.2,52.93384556
11.8,53.93793484
11.7,53.93793484
11.2,53.93793484
10.7,53.93793484
10.6,53.93793484
10.4,53.93793484
10.2,53.93793484
10.6,53.93793484
10.4,53.93793484
10.6,53.93793484
10.7,53.93793484
9.9,53.93793484
9.4,53.93793484
10.3,53.93793484
11.5,53.93793484
11.5,53.93793484
12.2,53.93793484
11.9,53.93793484
12.5,53.93793484
13,53.93793484
13,53.93793484
12.4,53.93793484
12.2,53.93793484
12.2,53.93793484
11.8,53.93793484
11.8,53.93793484
11.8,53.93793484
12,53.93793484
11.8,53.93793484
11.6,53.93793484
11.8,53.93793484
11.8,53.93793484
11.4,53.93793484
11.1,53.93793484
11.2,53.93793484
11,53.93793484
11.1,53.93793484
11.6,54.94463201
12,54.94463201
12.7,54.94463201
12.6,54.94463201
12.7,54.94463201
12.7,54.94463201
11.7,54.94463201
11.5,54.94463201
11.3,54.94463201
10.8,54.94463201
10.5,54.94463201
10.1,54.94463201
9.7,54.94463201
9.8,54.94463201
10,54.94463201
9.6,54.94463201
9.6,54.94463201
9.6,54.94463201
9.6,54.94463201
9.6,54.94463201
9.3,54.94463201
8.5,54.94463201
7.7,54.94463201
9.5,54.94463201
12,54.94463201
13.8,54.94463201
15.3,54.94463201
16.6,54.94463201
15.9,54.94463201
15.9,54.94463201
15,54.94463201
14.1,54.94463201
12.1,54.94463201
9.9,54.94463201
8.9,54.94463201
9,54.94463201
8.1,54.94463201
7.4,54.94463201
6.9,54.94463201
6.5,55.96394806
6.2,55.96394806
6.1,55.96394806
6.2,55.96394806
6.3,55.96394806
6.2,55.96394806
6,55.96394806
5.9,55.96394806
8.4,55.96394806
12.8,55.96394806
14.2,55.96394806
16.5,55.96394806
17.2,55.96394806
17.1,55.96394806
17.5,55.96394806
16.3,55.96394806
14.5,55.96394806
12.7,55.96394806
10,55.96394806
8.8,55.96394806
8,55.96394806
7.1,55.96394806
6.5,55.96394806
5.9,55.96394806
5.6,55.96394806
5.3,55.96394806
5.2,55.96394806
4.9,55.96394806
4.7,55.96394806
4.5,55.96394806
3.7,55.96394806
3.7,56.665118
7,56.665118
12.6,56.665118
14.2,56.665118
15.5,56.665118
16.8,56.665118
17,56.665118
16.6,56.665118
15.5,56.665118
14.2,56.665118
12.6,56.665118
10.2,56.665118
8.9,56.665118
7.6,56.665118
7.1,56.665118
6.3,56.665118
6.2,56.665118
7.6,56.665118
8.6,56.665118
9.1,56.665118
9.2,56.665118
9.2,56.665118
9.2,56.665118
9.4,56.665118
9.8,56.665118
10.6,56.665118
11.6,57.67120871
12.3,57.67120871
12,57.67120871
12.3,57.67120871
12.9,57.67120871
12.2,57.67120871
12.1,57.67120871
12.2,57.67120871
12.1,57.67120871
12,57.67120871
11.8,57.67120871
11.6,57.67120871
10.8,57.67120871
10.4,57.67120871
10.6,57.67120871
11,57.67120871
11.4,57.67120871
11.8,57.67120871
12.1,57.67120871
12.7,57.67120871
13,57.67120871
12.1,57.67120871
12.3,57.67120871
12.7,57.67120871
13.5,57.67120871
15.5,57.67120871
15.5,57.67120871
13.5,57.67120871
15.6,57.67120871
15.2,57.67120871
15.5,57.67120871
14.1,57.67120871
13.1,57.67120871
12.1,57.67120871
10.8,57.67120871
10.2,57.67120871
9.4,57.67120871
8,57.67120871
8,57.67120871
9.1,57.67120871
9.6,57.67120871
8.8,58.68807934
8.9,58.68807934
8.7,58.68807934
7.5,58.68807934
7.7,58.68807934
8.1,58.68807934
9.8,58.68807934
12.4,58.68807934
13.4,58.68807934
14.1,58.68807934
15,58.68807934
14.9,58.68807934
14,58.68807934
14.2,58.68807934
13.6,58.68807934
12,58.68807934
10.3,58.68807934
8.8,58.68807934
7.5,58.68807934
7.3,58.68807934
5.6,58.68807934
4.6,58.68807934
4.1,58.68807934
4.1,58.68807934
3.1,58.68807934
2.6,58.68807934
2.1,58.68807934
1.9,58.68807934
1.5,58.68807934
2.5,58.72166619
5.5,58.73933326
9.1,58.82310711
11.5,58.82310711
13.1,58.82310711
14.2,58.82310711
14.1,58.82310711
13.7,58.82310711
13,58.82310711
12.9,58.82310711
12,58.82310711
11.4,58.82310711
11,58.82310711
10.8,58.82310711
10,59.83535249
8.5,59.83535249
7.6,59.83535249
7,59.83535249
7.4,59.83535249
8.2,59.83535249
9,59.83535249
8.2,59.83535249
7.2,59.83535249
6.3,59.83535249
6.1,59.83535249
8.3,59.83535249
10.9,59.83535249
12.9,59.83535249
14.9,59.83535249
15,59.83535249
14.4,59.83535249
14.7,59.83535249
14.5,59.83535249
13.8,59.83535249
12.5,59.83535249
10.1,59.83535249
10.2,59.83535249
8.6,59.83535249
7.8,59.83535249
7.4,59.83535249
7.2,59.83535249
6.8,59.83535249
6.6,59.83535249
6.6,59.83535249
6.4,59.83535249
6.5,60.82147854
6.6,60.82147854
6.8,60.82147854
7.3,60.82147854
8,60.82147854
8.8,60.82147854
9.3,60.82147854
9.4,60.82147854
9.4,60.82147854
9.6,60.82147854
9.8,60.82147854
10.2,60.82147854
10.7,60.82147854
11.4,60.82147854
12.2,60.82147854
13.5,60.82147854
13.7,60.82147854
13.4,60.82147854
12.2,60.82147854
11.1,60.82147854
11.5,60.82147854
11.5,60.82147854
11.6,60.82147854
11.4,60.82147854
10.2,60.82147854
9.6,60.82147854
10.5,60.82147854
11,60.82147854
12.2,60.82147854
14.3,60.82147854
16.1,60.82147854
16.3,60.82147854
16.3,60.82147854
16.5,60.82147854
16.6,60.82147854
16.2,60.82147854
14.6,60.82147854
12.3,60.82147854
10.5,60.82147854
10.4,60.82147854
9.9,60.82147854
9.8,60.82147854
9.1,60.82147854
8,60.82147854
7.9,60.82147854
8.1,61.82120658
7.8,61.82120658
7.7,61.82120658
7.5,61.82120658
6.6,61.82120658
6,61.82120658
5.9,61.82120658
8.9,61.82120658
11.4,61.82120658
13.3,61.82120658
14.9,61.82120658
15.2,61.82120658
14.9,61.82120658
15.4,61.82120658
14.1,61.82120658
14.7,61.82120658
12.6,61.82120658
11,61.82120658
9,61.82120658
7.4,61.82120658
7.2,61.82120658
8.3,61.82120658
8.9,61.82120658
9.4,61.82120658
9.3,61.82120658
9.5,61.82120658
9.2,61.82120658
8.6,61.82120658
8.4,61.82120658
8.6,61.82120658
8.5,61.82120658
9,62.82749147
9.9,62.82749147
11.6,62.82749147
13.7,62.82749147
14.4,62.82749147
14.3,62.82749147
14,62.82749147
11.9,62.82749147
10.8,62.82749147
10.3,62.82749147
9.3,62.82749147
8.3,62.82749147
7.9,62.82749147
7.1,62.82749147
5.7,62.82749147
5.3,62.82749147
5.1,62.82749147
4.2,62.82749147
3.8,62.82749147
3.7,62.82749147
3.5,62.82749147
3.6,62.82749147
3.3,62.82749147
3.9,62.82749147
6.8,62.82749147
9.7,62.82749147
12.1,62.82749147
13,62.82749147
13.6,62.82749147
13.6,62.82749147
13,62.82749147
12.1,62.82749147
11.4,62.82749147
9.5,63.83274223
6.8,63.83274223
5.2,63.83274223
4.4,63.83274223
3.5,63.83274223
3,63.83274223
2.7,63.83274223
2.5,63.83274223
2.2,63.83274223
1.9,63.83274223
1.6,63.83274223
1.1,63.83274223
1.1,63.83274223
2.1,63.83274223
2.9,63.83274223
6.1,63.83274223
9.1,63.83274223
10.5,63.83274223
12,63.83274223
12.8,63.83274223
13.6,63.83274223
13.8,63.83274223
13.2,63.83274223
11.9,63.83274223
9.9,63.83274223
7.2,63.83274223
5.5,63.83274223
4.8,63.83274223
4.1,63.83274223
5,63.83274223
5.3,63.83274223
4.9,63.83274223
4.3,64.72621447
3.4,64.72621447
2.7,64.72621447
2.9,64.72621447
2.3,64.72621447
1.9,64.72621447
3.3,64.72621447
6.9,64.72621447
10.3,64.72621447
12.3,64.72621447
14.2,64.72621447
15.1,64.72621447
15.4,64.72621447
14.4,64.72621447
13.5,64.72621447
12.5,64.72621447
11.1,64.72621447
10.2,64.72621447
8.9,64.72621447
6.8,64.72621447
6.3,64.72621447
6.9,64.72621447
7.6,64.72621447
7.9,64.72621447
8,64.72621447
8.4,64.72621447
8.5,64.72621447
8.3,64.72621447
8.2,64.72621447
8.1,65.73036699
8,65.73036699
9.1,65.73036699
11.1,65.73036699
11.9,65.73036699
12.8,65.73036699
13.3,65.73036699
13.3,65.73036699
13.5,65.73036699
13.6,65.73036699
13.3,65.73036699
12.9,65.73036699
12.9,65.73036699
12.5,65.73036699
12.8,65.73036699
12.9,65.73036699
12.2,65.73036699
12.4,65.73036699
12.7,65.73036699
13,65.73036699
13.2,65.73036699
13.3,65.73036699
13.4,65.73036699
12.9,65.73036699
12.3,65.73036699
12.6,65.73036699
13.1,65.73036699
13.6,65.73036699
13.6,65.73036699
13.7,65.73036699
13.4,65.73036699
13.2,65.73036699
13.3,65.73036699
13.4,65.73036699
13.6,65.73036699
13.7,65.73036699
13.3,65.73036699
12.9,65.73036699
12.8,65.73036699
12.4,65.73036699
12.4,65.73036699
12.5,65.73036699
12.4,65.73036699
12.6,65.73036699
12.7,65.73036699
12.3,65.73036699
12.3,65.73036699
12.4,65.73036699
11.9,65.73036699
12.5,65.73036699
13.7,65.73036699
14.9,65.73036699
16.1,65.73036699
14.9,65.73036699
13.8,65.73036699
13.9,65.73036699
13.9,65.73036699
15.3,65.73036699
15.4,65.73036699
15.3,65.73036699
15.3,65.73036699
15.2,65.73036699
14.9,65.73036699
14.8,65.73036699
14.6,65.73036699
14.1,65.73036699
13.7,65.73036699
13.5,65.73036699
13.3,65.73036699
13.2,65.73036699
12.9,65.73036699
12.7,65.73036699
13,65.73036699
13.1,65.73036699
13.2,65.73036699
14.4,65.73036699
14,65.73036699
14.6,65.73036699
17,65.73036699
17.1,65.73036699
17.6,65.73036699
15.2,65.73036699
12.2,65.73036699
11,65.73036699
10.8,65.73036699
10.7,65.73036699
11.1,65.73036699
9.9,65.73036699
10.2,65.73036699
10.6,65.73036699
9.8,65.73036699
9.1,66.73043153
8.6,66.73043153
9.5,66.73043153
10.1,66.73043153
10.1,66.73043153
9.9,66.73043153
9.3,66.73043153
12.7,66.73043153
13.7,66.73043153
14.8,66.73043153
16,66.73043153
17.3,66.73043153
18.1,66.73043153
17.5,66.73043153
17.5,66.73043153
15.7,66.73043153
14,66.73043153
12.4,66.73043153
10.6,66.73043153
10,66.73043153
9.4,66.73043153
9.6,66.73043153
10,66.73043153
10.8,66.73043153
11.1,66.73043153
11.7,66.73043153
11.7,66.73043153
12,66.73043153
12.1,66.73043153
11.8,66.73043153
11.7,66.73043153
12.7,66.73043153
13.6,66.73043153
13.5,66.73043153
13.6,66.73043153
14.6,66.73043153
15.9,66.73043153
15.1,66.73043153
14.6,66.73043153
14.2,66.73043153
13.9,66.73043153
13.4,66.73043153
13.4,66.73043153
12.4,66.73043153
12.9,66.73043153
13.2,66.73043153
13.2,66.73043153
13.3,66.73043153
13.3,66.73043153
12.9,66.73043153
12.2,66.73043153
12,66.73043153
11.8,66.73043153
11.7,66.73043153
11.7,66.73043153
12,66.73043153
14.4,66.73043153
15.2,66.73043153
16,66.73043153
15.5,66.73043153
13.4,66.73043153
13.5,66.73043153
14.2,66.73043153
12.9,66.73043153
11.6,66.73043153
10.7,66.73043153
10.6,66.73043153
10.5,66.73043153
10.7,66.73043153
10.1,67.74563068
9.2,67.74563068
9.1,67.74563068
9.8,67.74563068
10.9,67.74563068
10.1,67.74563068
9.8,67.74563068
10.4,67.74563068
10.1,67.74563068
10.4,67.74563068
11,67.74563068
12.2,67.74563068
13.1,67.74563068
13.4,67.74563068
13.5,67.74563068
13.5,67.74563068
13.8,67.74563068
13.1,67.74563068
13.1,67.74563068
12.1,67.74563068
11.4,67.74563068
11.2,67.74563068
11.1,67.74563068
10.8,67.74563068
10.7,67.74563068
10.2,67.74563068
9.9,67.74563068
10.1,67.74563068
9.8,67.74563068
9.6,67.74563068
9.5,67.74563068
9,67.74563068
8.3,68.7472521
7.1,68.7472521
9.8,68.7472521
12.2,68.7472521
12.9,68.7472521
13.6,68.7472521
13.9,68.7472521
14.6,68.7472521
14.2,68.7472521
14.3,68.7472521
13.8,68.7472521
11.8,68.7472521
10.3,68.7472521
9.6,68.7472521
8.7,68.7472521
8.9,68.7472521
8.1,68.7472521
7.6,68.7472521
8.3,68.7472521
8.5,68.7472521
7.8,68.7472521
6.3,68.7472521
5,68.7472521
4.2,68.7472521
3.2,68.7472521
3.7,68.7472521
8.4,68.7472521
12.1,68.7472521
13.5,68.7472521
12.9,68.7472521
13.8,68.7472521
11.2,68.7472521
12,68.7472521
11.1,69.75270999
9.4,69.75270999
9.4,69.75270999
8.7,69.75270999
7.7,69.75270999
7.4,69.75270999
7,69.75270999
6.6,69.75270999
5.5,69.75270999
5.7,69.75270999
4.7,69.75270999
3.8,69.75270999
3.2,69.75270999
2.8,69.75270999
2.7,69.75270999
2.6,69.75270999
3.3,69.75270999
7.1,69.75270999
11,69.75270999
13.4,69.75270999
14.4,69.75270999
15.5,69.75270999
15.9,69.75270999
15.8,69.75270999
14.6,69.75270999
14.1,69.75270999
12.6,69.75270999
11.1,69.75270999
8.8,69.75270999
8.9,69.75270999
7,69.75270999
6.2,69.75270999
5.5,69.75270999
5.5,69.75270999
5.9,69.75270999
5.4,70.68317226
4.6,70.68317226
3.9,70.68317226
4.5,70.68317226
5.6,70.68317226
7.1,70.68317226
9.6,70.68317226
12.8,70.68317226
13.2,70.68317226
13.6,70.68317226
14.9,70.68317226
16,70.68317226
14.7,70.68317226
16.5,70.68317226
16.1,70.68317226
15,70.68317226
12.9,70.68317226
11.3,70.68317226
10.4,70.68317226
9.6,70.68317226
9.1,70.68317226
9.1,70.68317226
9.2,70.68317226
10.1,70.68317226
10.1,70.68317226
10.5,70.68317226
11.8,70.68317226
11.4,70.68317226
11.6,70.68317226
12.3,70.68317226
13.9,70.68317226
15.1,70.68317226
15.4,70.68317226
16.4,70.68317226
17.4,70.68317226
18.7,70.68317226
18.5,70.68317226
18,70.68317226
17.2,70.68317226
15,70.68317226
13.2,70.68317226
12,70.68317226
11.4,70.68317226
10.7,70.68317226
9.4,70.68317226
8.6,70.68317226
11.2,70.68317226
11.7,70.68317226
11.9,70.68317226
11.9,70.68317226
11.4,70.68317226
11.1,70.68317226
11.1,70.68317226
11.4,70.68317226
13.5,70.68317226
15,70.68317226
16,70.68317226
16.9,70.68317226
17.8,70.68317226
17.6,70.68317226
17.3,70.68317226
17.3,70.68317226
15.7,70.68317226
14.2,70.68317226
12.9,70.68317226
11.2,70.68317226
9.5,70.68317226
9.6,70.68317226
10.1,70.68317226
11,70.68317226
